id,pre_contrast,corticomedullary,registered
10024-0001,/radraid/apps/personal/gabriel/10024/10024-0001/image/1.3.12.2.1107.5.1.4.50205.30000005091614335262500006909_0/image.seri,/radraid/apps/personal/gabriel/10024/10024-0001/image/1.3.12.2.1107.5.1.4.50205.30000005091613171193700002949_0/image.seri,/radraid/apps/personal/gabriel/10024_reg/10024-0001/reg.nii.gz
